Ref,Val,Package,PosX,PosY,Rot,Side
"D6","LED(Y)","LED_0805_2012Metric_Pad1.15x1.40mm_HandSolder",218.000000,-88.080000,0.000000,bottom
"D7","LED(G)","LED_0805_2012Metric_Pad1.15x1.40mm_HandSolder",218.000000,-85.040000,0.000000,bottom
"D8","LED(R)","LED_0805_2012Metric_Pad1.15x1.40mm_HandSolder",218.000000,-82.000000,0.000000,bottom
"D9","LED(R)","LED_0805_2012Metric_Pad1.15x1.40mm_HandSolder",218.000000,-78.960000,0.000000,bottom
"R18","100","R_0805_2012Metric_Pad1.20x1.40mm_HandSolder",213.000000,-88.000000,180.000000,bottom
"R21","100","R_0805_2012Metric_Pad1.20x1.40mm_HandSolder",213.000000,-85.000000,180.000000,bottom
"R23","100","R_0805_2012Metric_Pad1.20x1.40mm_HandSolder",213.000000,-82.000000,180.000000,bottom
"R25","100","R_0805_2012Metric_Pad1.20x1.40mm_HandSolder",213.000000,-79.000000,180.000000,bottom
