Reference,Qty,Value,DNP,Footprint,JLCPCB Part #
"C1,C4,C9,C16",4,10u,,Capacitor_SMD:C_1206_3216Metric_Pad1.33x1.80mm_HandSolder,C13585
"C2,C7",2,47u,,Capacitor_Tantalum_SMD:CP_EIA-7343-43_Kemet-X_HandSolder,C7233
"C3,C12,C27",3,1n,,Capacitor_SMD:C_0805_2012Metric_Pad1.18x1.45mm_HandSolder,C46653
"C5,C6,C13,C17,C18,C21,C22,C23,C28,C29,C30,C31",12,100n,,Capacitor_SMD:C_0805_2012Metric_Pad1.18x1.45mm_HandSolder,C3011704
"C10,C32",2,1u,,Capacitor_SMD:C_0805_2012Metric_Pad1.18x1.45mm_HandSolder,C28323
C11,1,22u,,Capacitor_SMD:C_1206_3216Metric_Pad1.33x1.80mm_HandSolder,C342620
C14,1,4u7,,Capacitor_SMD:C_1206_3216Metric_Pad1.33x1.80mm_HandSolder,C51205
"C19,C20",2,2u2,,Capacitor_SMD:C_0805_2012Metric_Pad1.18x1.45mm_HandSolder,C377773
C24,1,4n7,,Capacitor_SMD:C_0805_2012Metric_Pad1.18x1.45mm_HandSolder,C107104
"C25,C26",2,10p,,Capacitor_SMD:C_0603_1608Metric_Pad1.08x0.95mm_HandSolder,C2181972
D1,1,RED,,LED_SMD:LED_0805_2012Metric_Pad1.15x1.40mm_HandSolder,C5366382
D2,1,GREEN,,LED_SMD:LED_0805_2012Metric_Pad1.15x1.40mm_HandSolder,C5366381
"D3,D4",2,1N4007FL,,Diode_SMD:D_SOD-123F,C493190
D5,1,BAT42W-V,,Diode_SMD:D_SOD-123,C22446799
D6,1,LED(Y),,LED_SMD:LED_0805_2012Metric_Pad1.15x1.40mm_HandSolder,
D7,1,LED(G),,LED_SMD:LED_0805_2012Metric_Pad1.15x1.40mm_HandSolder,
"D8,D9",2,LED(R),,LED_SMD:LED_0805_2012Metric_Pad1.15x1.40mm_HandSolder,
J1,1,Battery In,,Connector_PinHeader_2.54mm:PinHeader_1x02_P2.54mm_Vertical,
J2,1,Battery Out,,Connector_PinHeader_2.54mm:PinHeader_1x02_P2.54mm_Vertical,
J3,1,USB_B_Micro,,Connector_USB:USB_Micro-B_Amphenol_10104110_Horizontal,C2931352
J4,1,JTAG,,Connector_PinHeader_1.27mm:PinHeader_2x05_P1.27mm_Vertical_SMD,C41376037
"L1,L2,L3",3,4u7,,Inductor_SMD:L_APV_APH0420,C133193
LS1,1,PS1240P02BT,,Buzzer_Beeper:Buzzer_TDK_PS1240P02BT_D12.2mm_H6.5mm,
"Q1,Q2",2,STN4NF03L,,Package_TO_SOT_SMD:SOT-223-3_TabPin2,C85568
R1,1,500m/0.1%,,Resistor_SMD:R_2512_6332Metric_Pad1.40x3.35mm_HandSolder,C27777
R2,1,1k,,Resistor_SMD:R_0805_2012Metric_Pad1.20x1.40mm_HandSolder,C95781
"R3,R4,R7,R8",4,150,,Resistor_SMD:R_0805_2012Metric_Pad1.20x1.40mm_HandSolder,C2907300
R5,1,2k5,,Resistor_SMD:R_0805_2012Metric_Pad1.20x1.40mm_HandSolder,C5713447
R6,1,100m/0.1%,,Resistor_SMD:R_2512_6332Metric_Pad1.40x3.35mm_HandSolder,C23067426
R11,1,10R,,Resistor_SMD:R_0805_2012Metric_Pad1.20x1.40mm_HandSolder,C17415
R12,1,10M,,Resistor_SMD:R_0805_2012Metric_Pad1.20x1.40mm_HandSolder,C26108
R13,1,1M,,Resistor_SMD:R_0805_2012Metric_Pad1.20x1.40mm_HandSolder,C17514
"R14,R16",2,4k7,,Resistor_SMD:R_0805_2012Metric_Pad1.20x1.40mm_HandSolder,C17673
"R15,R26",2,1k,,Resistor_SMD:R_0805_2012Metric_Pad1.20x1.40mm_HandSolder,C95781
"R17,R19,R20",3,10k,,Resistor_SMD:R_0805_2012Metric_Pad1.20x1.40mm_HandSolder,C84376
"R18,R21,R22,R23,R24,R25",6,100,,Resistor_SMD:R_0805_2012Metric_Pad1.20x1.40mm_HandSolder,C17408
"SW1,SW2,SW3,SW4,SW5,SW6,SW7",7,SW_Push,,Button_Switch_THT:SW_PUSH_6mm,
"U1,U4",2,INA219BIDCNR,,Package_TO_SOT_SMD:SOT-23-8,C962069
U2,1,AP63205WU,,Package_TO_SOT_SMD:TSOT-23-6,C2071056
U3,1,AZ1117-3.3,,Package_TO_SOT_SMD:SOT-223-3_TabPin2,C110474
U5,1,TPS61169,,Package_TO_SOT_SMD:TSOT-23-5_HandSoldering,C71045
U7,1,EA_DOGXL160-7,,Display:EA_DOGXL160-7_Backlight,
U8,1,PCAL6408APW,,Package_SO:TSSOP-16_4.4x5mm_P0.65mm,C2669732
U9,1,USBLC6-2SC6,,Package_TO_SOT_SMD:SOT-23-6,C7519
U10,1,ATSAMD21E17A-A,,Package_QFP:TQFP-32_7x7mm_P0.8mm,C1337408
U11,1,IS37SML01G1,,Package_SO:SOIC-16W_7.5x10.3mm_P1.27mm,
Y1,1,32.768kHz,,Crystal:Crystal_SMD_3215-2Pin_3.2x1.5mm,C1985240
